"Reports","Analysis Report"
"Reports","Assessment Report"
"Reports","Monitoring / Evaluation Report"
"Reports","Security Report"
"Reports","Situation Report"
"Planning","Appeal"
"Planning","Security Plan"
"Planning","Work Plan"
"Planning","Humanitarian Action Plan"
"Training and Resource Materials","FAQs"
"Training and Resource Materials","Handbook or Manual"
"Training and Resource Materials","Tip Sheet"
"Training and Resource Materials","Toolbox / Toolkit"
"Training and Resource Materials","Tool"
"Training and Resource Materials","Template"
"Policy and Guidance","Policy"
"Policy and Guidance","Guidelines"
"Policy and Guidance","Standard Operating Procedures"
"Others","Agreement (MOU)"
"Others","Calendar / Events"
"Others","Contact List"
"Others","Letter"
"Others","Note"
"Others","Presentation"
"Others","Press Release"
"Others","Dashboard"
